[
    {
        "number": "1",
        "author": "Von R. Glitschka",
        "quote": "The client may be king, but he's not the art director."
    },
    {
        "number": "2",
        "author": "Frank Capra",
        "quote": "A hunch is creativity trying to tell you something."
    },
    {
        "number": "3",
        "author": "Steven Heller",
        "quote": "As a profession, graphic designers have been shamefully remiss or ineffective about plying their craft for social or political betterment."
    },
    {
        "number": "4",
        "author": "Isaac Bashevis Singer",
        "quote": "Every creator painfully experiences the chasm between his inner vision and its ultimate expression."
    },
    {
        "number": "5",
        "author": "James Hague",
        "quote": "It’s extremely difficult to be simultaneously concerned with the end-user experience of whatever it is that you’re building and the architecture of the program that delivers that experience."
    },
    {
        "number": "6",
        "author": "Bill Cahan",
        "quote": "We unfortunately live in a corporate world where group decision making is made to avoid failure rather than to achieve success."
    },
    {
        "number": "7",
        "author": "Michael Stinson",
        "quote": "Letterspacing creates speedbumps for the reader."
    },
    {
        "number": "8",
        "author": "Ernest Hemingway",
        "quote": "Write drunk; edit sober."
    },
    {
        "number": "9",
        "author": "Milton Glaser",
        "quote": "The real issue is not talent as an independent element, but talent in relationship to will, desire, and persistence. Talent without these things vanishes and even modest talent with those characteristics grows."
    },
    {
        "number": "10",
        "author": "Ricardo Zea",
        "quote": "Learning Web Design is like playing video games: You start small and build your character as you progress, then you beat the boss, literally."
    },
    {
        "number": "11",
        "author": "Charles Mingus",
        "quote": "Making the simple complicated is commonplace; making the complicated simple, awesomely simple, that’s creativity."
    },
    {
        "number": "12",
        "author": "Andrew Lewis",
        "quote": "I love the comment, “You must love designing for a living.” At that point I usually start to laugh or break into uncontrollable tears."
    },
    {
        "number": "13",
        "author": "Brian Eno",
        "quote": "Instead of shooting arrows at somebody else’s target… I make my own target around wherever my arrow has happened to have landed."
    },
    {
        "number": "14",
        "author": "Thomas Vasquez",
        "quote": "I’ve always held to the belief that the practice of creating compelling graphic design occurs not by employing the principals of a democracy, but rather, that of a monarchy."
    },
    {
        "number": "15",
        "author": "Anton Fokker",
        "quote": "Once the problem was stated, its solution came to me in a flash."
    },
    {
        "number": "16",
        "author": "Wim Crouwel",
        "quote": "You can’t do better design with a computer, but you can speed up your work enormously."
    },
    {
        "number": "17",
        "author": "Bolaji Ayodeji",
        "quote": "Keep it clear, simple and light; too many designs causes distractions."
    },
    {
        "number": "18",
        "author": "Seun Daramola",
        "quote": "To be relevant in the industry you MUST posses JavaScript skills as a front-end engineer. I know people who get hired earning real dollars with just sound react skills with little or no design sense. The styling part of things is something you can easily pick along the way. We must raise people who are relevant to the industry"
    },
    {
        "number": "19",
        "author": "Ivan Chermayeff",
        "quote": "Design is directed toward human beings. To design is to solve human problems by identifying them and executing the best solution."
    },
    {
        "number": "20",
        "author": "Benjamin Cavanagh",
        "quote": "A computer without Photoshop is like a dog with no legs. Sure is fun, but you can’t really do anything with it."
    },
    {
        "number": "21",
        "author": "Albert Einstein",
        "quote": "If you can’t explain it simply, you don’t understand it well enough."
    },
    {
        "number": "22",
        "author": "Bolaji Ayodeji",
        "quote": "Use your time now to get the principles of design, understand and build perfect User Interfaces then add JavaScript to become complete."
    },
    {
        "number": "23",
        "author": "Ana Cummings",
        "quote": "Inspired interiors indubitably involve ingenious imitations of inspired interiors."
    },
    {
        "number": "24",
        "author": "Tom Bissel",
        "quote": "To create anything–whether a short story or a magazine profile or a film or a sitcom–is to believe, if only momentarily, you are capable of magic."
    },
    {
        "number": "25",
        "author": "Mike Monteiro",
        "quote": "A good designer finds an elegant way to put everything you need on a page. A great designer convinces you half that shit is unnecessary."
    },
    {
        "number": "26",
        "author": "Stephen Fry",
        "quote": "As if a device can function if it has no style. As if a device can be called stylish that does not function superbly… yes, beauty matters. Boy, does it matter. It is not surface, it is not an extra, it is the thing itself."
    },
    {
        "number": "27",
        "author": "John Mason Brown",
        "quote": "The only true happiness comes from squandering ourselves for a purpose."
    },
    {
        "number": "28",
        "author": "Ryan Singer",
        "quote": "Good ideas turn into good designs fairly quickly. If you catch yourself fiddling too much with colors, borders and treatments to bring a design together, chances are the problem lies somewhere deeper."
    },
    {
        "number": "29",
        "author": "James Hague",
        "quote": "It’s extremely difficult to be simultaneously concerned with the end-user experience of whatever it is that you’re building and the architecture of the program that delivers that experience."
    },
    {
        "number": "30",
        "author": "Jonathan Ive",
        "quote": "The word design is everything and nothing. The design and the product itself are inseparable."
    },
    {
        "number": "31",
        "author": "Chet Atkins",
        "quote": "Copying one person is stealing. Copying ten is research."
    },
    {
        "number": "32",
        "author": "William Addison Dwiggins",
        "quote": "In the matter of layout, forget art and use horse-sense. The printer-designer’s whole duty is to make a clear presentation of the message… This calls for an exercise of common sense and faculty of analysis rather than for art."
    },
    {
        "number": "33",
        "author": "Jeremy Allison",
        "quote": "We have to learn to see technical devices and software as others see them. Feeling a sense of pride in getting a device to do what we want doesn’t mean we’re clever, it means the design was wrong."
    },
    {
        "number": "34",
        "author": "Jamie Croft",
        "quote": "My wife doesn’t like it”; Designer: “Well then, I don’t like your wife”"
    },
    {
        "number": "35",
        "author": "Hugh Macleod",
        "quote": "Nobody can tell you if what you’re doing is good, meaningful or worthwhile. The more compelling the path, the more lonely it is."
    },
    {
        "number": "36",
        "author": "Tao Te Ching",
        "quote": "Deal with the difficult while it is yet easy; Deal with the great while it is yet small."
    },
    {
        "number": "37",
        "author": "Hugh Macleod",
        "quote": "Nobody can tell you if what you’re doing is good, meaningful or worthwhile. The more compelling the path, the more lonely it is."
    },
    {
        "number": "38",
        "author": "David Ogilvy",
        "quote": "In most agencies, account executives outnumber the copywriters two to one. If you were a dairy farmer, would you employ twice as many milkers as you had cows?"
    },
    {
        "number": "39",
        "author": "Human Factors International",
        "quote": "If the users can’t find it, the function’s not there."
    },
    {
        "number": "40",
        "author": "David Carson",
        "quote": "Graphic design will save the world right after rock and roll does."
    },
    {
        "number": "41",
        "author": "Master Yuan-Ma",
        "quote": "Below the surface of the machine, the program moves. Withouteffort, it expands and contracts. In great harmony, electrons scatterand regroup. The forms on the monitor are but ripples on the water.The essence stays invisibly below."
    },
    {
        "number": "42",
        "author": "Donald Knuth",
        "quote": "People think that computer science is the art of geniuses but the actual reality is the opposite, just many people doing things thatbuild on each other, like a wall of mini stones.”"
    },
    {
        "number": "43",
        "author": "Charles Babbage",
        "quote": "On two occasions I have been asked, ‘Pray, Mr. Babbage, if you put into the machine wrong figures, will the right answers come out?’  I am not able rightly to apprehend the kind of confusion of ideas that could provoke such a question."
    },
    {
        "number": "44",
        "author": "C.A.R. Hoare",
        "quote": "There are two ways of constructing a software design: One way isto make it so simple that there are obviously no deficiencies, and theother way is to make it so complicated that there are no obviousdeficiencies."
    },
    {
        "number": "45",
        "author": "Barbara Liskov",
        "quote": "An abstract data type is realized by writing a special kind of program which defines the type in terms of the operations which can beperformed on it."
    },
    {
        "number": "46",
        "author": "Edsger Dijkstra",
        "quote": "The question of whether Machines Can Think is about as relevant as the question of whether Submarines Can Swim."
    },
    {
        "number": "47",
        "author": "Chris Sevilleja",
        "quote": "To know a person is to read their GitHub account"
    },
    {
        "number": "48",
        "author": "Brian Kernighan and P.J. Plauger,",
        "quote": "Debugging is twice as hard as writing the code in the first place.Therefore, if you write the code as cleverly as possible, you are, bydefinition, not smart enough to debug it."
    },
    {
        "number": "49",
        "author": "Jamie Zawinski",
        "quote": "Some people, when confronted with a problem, think ‘I know, I’lluse regular expressions.’ Now they have two problems."
    },
    {
        "number": "50",
        "author": "Tef",
        "quote": "Write code that is easy to delete, not easy to extend."
    }
]